{
    "AFAdmin": {},
    "AFGfoto": {},
    "AFSDadmin": false,
    "AFSDstaff": false,
    "AFSadmin": false,
    "AFSstaff": false,
    "AFStaff": {},
    "AFautojoin": true,
    "AFautoread": false,
    "AFautoscan": false,
    "AFblacklist": {},
    "AFdblacklist": false,
    "AFfoto": {},
    "AFgreet": {},
    "AFlimit": 5,
    "AFmessage": "Hallo...",
    "AFmessage1": "Creator https://line.me/R/ti/p/~jackyeza",
    "AFprotcancel": {},
    "AFprotinvite": {},
    "AFprotkick": {},
    "AFprotqr": {},
    "AFreadMember": {},
    "AFreadPoint": {},
    "AFwblacklist": false,
    "Addimage": false,
    "Images": {},
    "Img": {},
    "autoAdd": true,
    "autoJoin": true,
    "autoJoinTicket": true,
    "autoLeave": true,
    "autoRead": false,
    "autoReject": false,
    "changeGroupPicture": false,
    "changePicture": false,
    "keyCommand": "",
    "namecreator": "ʀᴇᴢᴀ ʟᴏᴠᴇ ᴛɪᴡᴜʟ",
    "restartBot": {},
    "restartPoint": "c6ce20a4cf49a701d356c56d37aed83ac",
    "server": {},
    "userAgent": {}
}