{
    "Kickallmember": false,
    "Mentiongift": false,
    "Mentionkick": false,
    "Respontag": "ᴋᴇɴᴀᴘᴀ ᴄᴏʟᴇᴋ² ᴍɪɴᴛᴀ ᴅɪᴄɪᴘᴏᴋ ᴀᴛᴀᴜ ᴅɪsᴏᴅᴏᴋ ʜᴀʏᴏ ᴘɪʟɪʜ ʏᴀɴɢ ᴍᴀɴᴀ ᴡᴋᴡᴋᴡ...!!!",
    "Talkblacklist": {},
    "Talkdblacklist": false,
    "Talkwblacklist": false,
    "Timeline": true,
    "addadmin": false,
    "addbots": false,
    "addowner": false,
    "addstaff": false,
    "admin": {},
    "autoAdd": true,
    "autoJoin": true,
    "autoJoinTicket": true,
    "autoLeave": false,
    "autoLeave1": false,
    "blacklist": {},
    "bots": {},
    "comment": "ʟɪᴋᴇ ʟɪᴋᴇ & ʟɪᴋᴇ ʙʏ ᴀʀᴇᴢᴀ ʟᴏᴠᴇ ᴛɪᴡᴜʟ",
    "contact": false,
    "dblacklist": false,
    "delladmin": false,
    "dellbot": false,
    "dellbots": false,
    "dellowner": false,
    "dellstaff": false,
    "detectMention": true,
    "invite": false,
    "leave": "!!!",
    "limit": 5,
    "mention": "!!!",
    "message": " ᴀʀᴇᴢᴀ ʟᴏᴠᴇ",
    "owner": {},
    "selfbot": true,
    "sticker": false,
    "talkban": false,
    "unsend": true,
    "wblacklist": false,
    "welcome": "!!!",
    "welcomeOn": false
}